What is the French word for 'to analyze'?,analyser
What is the French word for 'to suggest'?,suggérer
How do you say 'to discover' in French?,découvrir
What is the French word for 'to predict'?,prévoir
What is the French word for 'to evaluate'?,évaluer
How do you say 'to participate' in French?,participer
What is the French word for 'to announce'?,annoncer
What is the French word for 'to introduce'?,introduire
How do you say 'to present' in French?,présenter
How do you say 'to explain' in French?,expliquer
What is the French word for 'to demonstrate'?,démontrer
What is the French word for 'to organize'?,organiser
How do you say 'to manage' in French?,gérer
What is the French word for 'to develop'?,développer
How do you say 'to collaborate' in French?,collaborer
What is the French word for 'to communicate'?,communiquer
How do you say 'to negotiate' in French?,négocier
What is the French word for 'to criticize'?,critiquer
What is the French word for 'to convince'?,convaincre
How do you say 'to influence' in French?,influencer
How do you say 'to support' in French?,soutenir
What is the French word for 'to clarify'?,clarifier
What is the French word for 'to justify'?,justifier
How do you say 'to promote' in French?,promouvoir
What is the French word for 'to defend'?,défendre
What is the French word for 'to express'?,exprimer
How do you say 'to summarize' in French?,résumer
What is the French word for 'to improve'?,améliorer
What is the French word for 'to simplify'?,simplifier
How do you say 'to complete' in French?,compléter
What is the French word for 'to follow'?,suivre
How do you say 'to react' in French?,réagir
What is the French word for 'to adapt'?,adapter
How do you say 'to overcome' in French?,surmonter
What is the French word for 'to integrate'?,intégrer
How do you say 'to resolve' in French?,résoudre
What is the French word for 'to evaluate'?,évaluer
How do you say 'to confirm' in French?,confirmer
What is the French word for 'to inform'?,informer
How do you say 'to transform' in French?,transformer
What is the French word for 'to replace'?,remplacer
What is the French word for 'to maintain'?,maintenir
How do you say 'to balance' in French?,équilibrer
What is the French word for 'to lead'?,diriger
How do you say 'to facilitate' in French?,faciliter
What is the French word for 'to guide'?,guider
How do you say 'to prioritize' in French?,prioriser
What is the French word for 'to compare'?,comparer
How do you say 'to analyze' in French?,analyser
What is the French word for 'to confirm'?,confirmer
How do you say 'to participate' in French?,participer
What is the French word for 'to support'?,soutenir
How do you say 'to create' in French?,créer
What is the French word for 'to solve'?,résoudre
What is the French word for 'to advise'?,conseiller
How do you say 'to negotiate' in French?,négocier
What is the French word for 'to appreciate'?,apprécier
How do you say 'to inspire' in French?,inspirer
What is the French word for 'to innovate'?,innover
How do you say 'to calculate' in French?,calculer
What is the French word for 'to distribute'?,distribuer
How do you say 'to monitor' in French?,surveiller
What is the French word for 'to prepare'?,préparer
How do you say 'to practice' in French?,pratiquer
What is the French word for 'to organize'?,organiser
How do you say 'to manage' in French?,gérer
What is the French word for 'to change'?,changer
How do you say 'to improve' in French?,améliorer
What is the French word for 'to suggest'?,suggérer
What is the French word for 'to follow'?,suivre
How do you say 'to lead' in French?,diriger
What is the French word for 'to train'?,former
How do you say 'to explain' in French?,expliquer
What is the French word for 'to perform'?,performer
How do you say 'to achieve' in French?,réaliser
What is the French word for 'to promote'?,promouvoir
What is the French word for 'to defend'?,défendre
How do you say 'to support' in French?,soutenir
What is the French word for 'to compare'?,comparer
How do you say 'to develop' in French?,développer
What is the French word for 'to manage'?,gérer
How do you say 'to create' in French?,créer
What is the French word for 'to analyze'?,analyser
How do you say 'to collaborate' in French?,collaborer
What is the French word for 'to evaluate'?,évaluer
How do you say 'to influence' in French?,influencer
What is the French word for 'to simplify'?,simplifier
How do you say 'to negotiate' in French?,négocier
What is the French word for 'to clarify'?,clarifier
What is the French word for 'to analyze'?,analyser
What is the French word for 'to suggest'?,suggérer
How do you say 'to discover' in French?,découvrir
What is the French word for 'to predict'?,prévoir
What is the French word for 'to evaluate'?,évaluer
How do you say 'to participate' in French?,participer
What is the French word for 'to announce'?,annoncer
What is the French word for 'to introduce'?,introduire
How do you say 'to present' in French?,présenter
How do you say 'to explain' in French?,expliquer
What is the French word for 'to demonstrate'?,démontrer
What is the French word for 'to organize'?,organiser
How do you say 'to manage' in French?,gérer
What is the French word for 'to develop'?,développer
How do you say 'to collaborate' in French?,collaborer
What is the French word for 'to communicate'?,communiquer
How do you say 'to negotiate' in French?,négocier
What is the French word for 'to criticize'?,critiquer
What is the French word for 'to convince'?,convaincre
How do you say 'to influence' in French?,influencer
How do you say 'to support' in French?,soutenir
What is the French word for 'to clarify'?,clarifier
What is the French word for 'to justify'?,justifier
How do you say 'to promote' in French?,promouvoir
What is the French word for 'to defend'?,défendre
What is the French word for 'to express'?,exprimer
How do you say 'to summarize' in French?,résumer
What is the French word for 'to improve'?,améliorer
What is the French word for 'to simplify'?,simplifier
How do you say 'to complete' in French?,compléter
What is the French word for 'to follow'?,suivre
How do you say 'to react' in French?,réagir
What is the French word for 'to adapt'?,adapter
How do you say 'to overcome' in French?,surmonter
What is the French word for 'to integrate'?,intégrer
How do you say 'to resolve' in French?,résoudre
What is the French word for 'to evaluate'?,évaluer
How do you say 'to confirm' in French?,confirmer
What is the French word for 'to inform'?,informer
How do you say 'to transform' in French?,transformer
What is the French word for 'to replace'?,remplacer
What is the French word for 'to maintain'?,maintenir
How do you say 'to balance' in French?,équilibrer
What is the French word for 'to lead'?,diriger
How do you say 'to facilitate' in French?,faciliter
What is the French word for 'to guide'?,guider
How do you say 'to prioritize' in French?,prioriser
What is the French word for 'to compare'?,comparer
How do you say 'to analyze' in French?,analyser
What is the French word for 'to confirm'?,confirmer
How do you say 'to participate' in French?,participer
What is the French word for 'to support'?,soutenir
How do you say 'to create' in French?,créer
What is the French word for 'to solve'?,résoudre
What is the French word for 'to advise'?,conseiller
How do you say 'to negotiate' in French?,négocier
What is the French word for 'to appreciate'?,apprécier
How do you say 'to inspire' in French?,inspirer
What is the French word for 'to innovate'?,innover
How do you say 'to calculate' in French?,calculer
What is the French word for 'to distribute'?,distribuer
How do you say 'to monitor' in French?,surveiller
What is the French word for 'to prepare'?,préparer
How do you say 'to practice' in French?,pratiquer
What is the French word for 'to organize'?,organiser
How do you say 'to manage' in French?,gérer
What is the French word for 'to change'?,changer
How do you say 'to improve' in French?,améliorer
What is the French word for 'to suggest'?,suggérer
What is the French word for 'to follow'?,suivre
How do you say 'to lead' in French?,diriger
What is the French word for 'to train'?,former
How do you say 'to explain' in French?,expliquer
What is the French word for 'to perform'?,performer
How do you say 'to achieve' in French?,réaliser
What is the French word for 'to promote'?,promouvoir
What is the French word for 'to defend'?,défendre
How do you say 'to support' in French?,soutenir
What is the French word for 'to compare'?,comparer
How do you say 'to develop' in French?,développer
What is the French word for 'to manage'?,gérer
How do you say 'to create' in French?,créer
What is the French word for 'to analyze'?,analyser
How do you say 'to collaborate' in French?,collaborer
What is the French word for 'to evaluate'?,évaluer
How do you say 'to influence' in French?,influencer
What is the French word for 'to simplify'?,simplifier
How do you say 'to negotiate' in French?,négocier
What is the French word for 'to clarify'?,clarifier
What is the French word for 'to analyze'?,analyser
What is the French word for 'to suggest'?,suggérer
How do you say 'to discover' in French?,découvrir
What is the French word for 'to predict'?,prévoir
What is the French word for 'to evaluate'?,évaluer
How do you say 'to participate' in French?,participer
What is the French word for 'to announce'?,annoncer
What is the French word for 'to introduce'?,introduire
How do you say 'to present' in French?,présenter
How do you say 'to explain' in French?,expliquer
What is the French word for 'to demonstrate'?,démontrer
What is the French word for 'to organize'?,organiser
How do you say 'to manage' in French?,gérer
What is the French word for 'to develop'?,développer
How do you say 'to collaborate' in French?,collaborer
What is the French word for 'to communicate'?,communiquer
How do you say 'to negotiate' in French?,négocier
What is the French word for 'to criticize'?,critiquer
What is the French word for 'to convince'?,convaincre
How do you say 'to influence' in French?,influencer
How do you say 'to support' in French?,soutenir
What is the French word for 'to clarify'?,clarifier
What is the French word for 'to justify'?,justifier
How do you say 'to promote' in French?,promouvoir
What is the French word for 'to defend'?,défendre
What is the French word for 'to express'?,exprimer
How do you say 'to summarize' in French?,résumer
What is the French word for 'to improve'?,améliorer
What is the French word for 'to simplify'?,simplifier
How do you say 'to complete' in French?,compléter
What is the French word for 'to follow'?,suivre
How do you say 'to react' in French?,réagir
What is the French word for 'to adapt'?,adapter
How do you say 'to overcome' in French?,surmonter
What is the French word for 'to integrate'?,intégrer
How do you say 'to resolve' in French?,résoudre
What is the French word for 'to evaluate'?,évaluer
How do you say 'to confirm' in French?,confirmer
What is the French word for 'to inform'?,informer
How do you say 'to transform' in French?,transformer
What is the French word for 'to replace'?,remplacer
What is the French word for 'to maintain'?,maintenir
How do you say 'to balance' in French?,équilibrer
What is the French word for 'to lead'?,diriger
How do you say 'to facilitate' in French?,faciliter
What is the French word for 'to guide'?,guider
How do you say 'to prioritize' in French?,prioriser
What is the French word for 'to compare'?,comparer
How do you say 'to analyze' in French?,analyser
What is the French word for 'to confirm'?,confirmer
How do you say 'to participate' in French?,participer
What is the French word for 'to support'?,soutenir
How do you say 'to create' in French?,créer
What is the French word for 'to solve'?,résoudre
What is the French word for 'to advise'?,conseiller
How do you say 'to negotiate' in French?,négocier
What is the French word for 'to appreciate'?,apprécier
How do you say 'to inspire' in French?,inspirer
What is the French word for 'to innovate'?,innover
How do you say 'to calculate' in French?,calculer
What is the French word for 'to distribute'?,distribuer
How do you say 'to monitor' in French?,surveiller
What is the French word for 'to prepare'?,préparer
How do you say 'to practice' in French?,pratiquer
What is the French word for 'to organize'?,organiser
How do you say 'to manage' in French?,gérer
What is the French word for 'to change'?,changer
How do you say 'to improve' in French?,améliorer
What is the French word for 'to suggest'?,suggérer
What is the French word for 'to follow'?,suivre
How do you say 'to lead' in French?,diriger
What is the French word for 'to train'?,former
How do you say 'to explain' in French?,expliquer
What is the French word for 'to perform'?,performer
How do you say 'to achieve' in French?,réaliser
What is the French word for 'to promote'?,promouvoir
What is the French word for 'to defend'?,défendre
How do you say 'to support' in French?,soutenir
What is the French word for 'to compare'?,comparer
How do you say 'to develop' in French?,développer
What is the French word for 'to manage'?,gérer
How do you say 'to create' in French?,créer
What is the French word for 'to analyze'?,analyser
How do you say 'to collaborate' in French?,collaborer
What is the French word for 'to evaluate'?,évaluer
How do you say 'to influence' in French?,influencer
What is the French word for 'to simplify'?,simplifier
How do you say 'to negotiate' in French?,négocier
What is the French word for 'to clarify'?,clarifier
What is the French word for 'to analyze'?,analyser
What is the French word for 'to suggest'?,suggérer
How do you say 'to discover' in French?,découvrir
What is the French word for 'to predict'?,prévoir
What is the French word for 'to evaluate'?,évaluer
How do you say 'to participate' in French?,participer
What is the French word for 'to announce'?,annoncer
What is the French word for 'to introduce'?,introduire
How do you say 'to present' in French?,présenter
How do you say 'to explain' in French?,expliquer
What is the French word for 'to demonstrate'?,démontrer
What is the French word for 'to analyze'?,analyser
What is the French word for 'to suggest'?,suggérer
How do you say 'to discover' in French?,découvrir
What is the French word for 'to predict'?,prévoir
What is the French word for 'to evaluate'?,évaluer
How do you say 'to participate' in French?,participer
What is the French word for 'to announce'?,annoncer
What is the French word for 'to introduce'?,introduire
How do you say 'to present' in French?,présenter
How do you say 'to explain' in French?,expliquer
What is the French word for 'to demonstrate'?,démontrer
What is the French word for 'to organize'?,organiser
How do you say 'to manage' in French?,gérer
What is the French word for 'to develop'?,développer
How do you say 'to collaborate' in French?,collaborer
What is the French word for 'to communicate'?,communiquer
How do you say 'to negotiate' in French?,négocier
What is the French word for 'to criticize'?,critiquer
What is the French word for 'to convince'?,convaincre
How do you say 'to influence' in French?,influencer
How do you say 'to support' in French?,soutenir
What is the French word for 'to clarify'?,clarifier
What is the French word for 'to justify'?,justifier
How do you say 'to promote' in French?,promouvoir
What is the French word for 'to defend'?,défendre
What is the French word for 'to express'?,exprimer
How do you say 'to summarize' in French?,résumer
What is the French word for 'to improve'?,améliorer
What is the French word for 'to simplify'?,simplifier
How do you say 'to complete' in French?,compléter
What is the French word for 'to follow'?,suivre
How do you say 'to react' in French?,réagir
What is the French word for 'to adapt'?,adapter
How do you say 'to overcome' in French?,surmonter
What is the French word for 'to integrate'?,intégrer
How do you say 'to resolve' in French?,résoudre
What is the French word for 'to evaluate'?,évaluer
How do you say 'to confirm' in French?,confirmer
What is the French word for 'to inform'?,informer
How do you say 'to transform' in French?,transformer
What is the French word for 'to replace'?,remplacer
What is the French word for 'to maintain'?,maintenir
How do you say 'to balance' in French?,équilibrer
What is the French word for 'to lead'?,diriger
How do you say 'to facilitate' in French?,faciliter
What is the French word for 'to guide'?,guider
How do you say 'to prioritize' in French?,prioriser
What is the French word for 'to compare'?,comparer
How do you say 'to analyze' in French?,analyser
What is the French word for 'to confirm'?,confirmer
How do you say 'to participate' in French?,participer
What is the French word for 'to support'?,soutenir
How do you say 'to create' in French?,créer
What is the French word for 'to solve'?,résoudre
What is the French word for 'to advise'?,conseiller
How do you say 'to negotiate' in French?,négocier
What is the French word for 'to appreciate'?,apprécier
How do you say 'to inspire' in French?,inspirer
What is the French word for 'to innovate'?,innover
How do you say 'to calculate' in French?,calculer
What is the French word for 'to distribute'?,distribuer
How do you say 'to monitor' in French?,surveiller
What is the French word for 'to prepare'?,préparer
How do you say 'to practice' in French?,pratiquer
What is the French word for 'to organize'?,organiser
How do you say 'to manage' in French?,gérer
What is the French word for 'to change'?,changer
How do you say 'to improve' in French?,améliorer
What is the French word for 'to suggest'?,suggérer
What is the French word for 'to follow'?,suivre
How do you say 'to lead' in French?,diriger
What is the French word for 'to train'?,former
How do you say 'to explain' in French?,expliquer
What is the French word for 'to perform'?,performer
How do you say 'to achieve' in French?,réaliser
What is the French word for 'to promote'?,promouvoir
What is the French word for 'to defend'?,défendre
How do you say 'to support' in French?,soutenir
What is the French word for 'to compare'?,comparer
How do you say 'to develop' in French?,développer
What is the French word for 'to manage'?,gérer
How do you say 'to create' in French?,créer
What is the French word for 'to analyze'?,analyser
How do you say 'to collaborate' in French?,collaborer
What is the French word for 'to evaluate'?,évaluer
How do you say 'to influence' in French?,influencer
What is the French word for 'to simplify'?,simplifier
How do you say 'to negotiate' in French?,négocier
What is the French word for 'to clarify'?,clarifier
What is the French word for 'to analyze'?,analyser
What is the French word for 'to suggest'?,suggérer
How do you say 'to discover' in French?,découvrir
What is the French word for 'to predict'?,prévoir
What is the French word for 'to evaluate'?,évaluer
How do you say 'to participate' in French?,participer
What is the French word for 'to announce'?,annoncer
What is the French word for 'to introduce'?,introduire
How do you say 'to present' in French?,présenter
How do you say 'to explain' in French?,expliquer
What is the French word for 'to demonstrate'?,démontrer
What is the French word for 'to analyze'?,analyser
What is the French word for 'to suggest'?,suggérer
How do you say 'to discover' in French?,découvrir
What is the French word for 'to predict'?,prévoir
What is the French word for 'to evaluate'?,évaluer
How do you say 'to participate' in French?,participer
What is the French word for 'to announce'?,annoncer
What is the French word for 'to introduce'?,introduire
How do you say 'to present' in French?,présenter
How do you say 'to explain' in French?,expliquer
What is the French word for 'to demonstrate'?,démontrer
What is the French word for 'to organize'?,organiser
How do you say 'to manage' in French?,gérer
What is the French word for 'to develop'?,développer
How do you say 'to collaborate' in French?,collaborer
What is the French word for 'to communicate'?,communiquer
How do you say 'to negotiate' in French?,négocier
What is the French word for 'to criticize'?,critiquer
What is the French word for 'to convince'?,convaincre
How do you say 'to influence' in French?,influencer
How do you say 'to support' in French?,soutenir
What is the French word for 'to clarify'?,clarifier
What is the French word for 'to justify'?,justifier
How do you say 'to promote' in French?,promouvoir
What is the French word for 'to defend'?,défendre
What is the French word for 'to express'?,exprimer
How do you say 'to summarize' in French?,résumer
What is the French word for 'to improve'?,améliorer
What is the French word for 'to simplify'?,simplifier
How do you say 'to complete' in French?,compléter
What is the French word for 'to follow'?,suivre
How do you say 'to react' in French?,réagir
What is the French word for 'to adapt'?,adapter
How do you say 'to overcome' in French?,surmonter
What is the French word for 'to integrate'?,intégrer
How do you say 'to resolve' in French?,résoudre
What is the French word for 'to evaluate'?,évaluer
How do you say 'to confirm' in French?,confirmer
What is the French word for 'to inform'?,informer
How do you say 'to transform' in French?,transformer
What is the French word for 'to replace'?,remplacer
What is the French word for 'to maintain'?,maintenir
How do you say 'to balance' in French?,équilibrer
What is the French word for 'to lead'?,diriger
How do you say 'to facilitate' in French?,faciliter
What is the French word for 'to guide'?,guider
How do you say 'to prioritize' in French?,prioriser
What is the French word for 'to compare'?,comparer
How do you say 'to analyze' in French?,analyser
What is the French word for 'to confirm'?,confirmer
How do you say 'to participate' in French?,participer
What is the French word for 'to support'?,soutenir
How do you say 'to create' in French?,créer
What is the French word for 'to solve'?,résoudre
What is the French word for 'to advise'?,conseiller
How do you say 'to negotiate' in French?,négocier
What is the French word for 'to appreciate'?,apprécier
How do you say 'to inspire' in French?,inspirer
What is the French word for 'to innovate'?,innover
How do you say 'to calculate' in French?,calculer
What is the French word for 'to distribute'?,distribuer
How do you say 'to monitor' in French?,surveiller
What is the French word for 'to prepare'?,préparer
How do you say 'to practice' in French?,pratiquer
What is the French word for 'to organize'?,organiser
How do you say 'to manage' in French?,gérer
What is the French word for 'to change'?,changer
How do you say 'to improve' in French?,améliorer
What is the French word for 'to suggest'?,suggérer
What is the French word for 'to follow'?,suivre
How do you say 'to lead' in French?,diriger
What is the French word for 'to train'?,former
How do you say 'to explain' in French?,expliquer
What is the French word for 'to perform'?,performer
How do you say 'to achieve' in French?,réaliser
What is the French word for 'to promote'?,promouvoir
What is the French word for 'to defend'?,défendre
How do you say 'to support' in French?,soutenir
What is the French word for 'to compare'?,comparer
How do you say 'to develop' in French?,développer
What is the French word for 'to manage'?,gérer
How do you say 'to create' in French?,créer
What is the French word for 'to analyze'?,analyser
How do you say 'to collaborate' in French?,collaborer
What is the French word for 'to evaluate'?,évaluer
How do you say 'to influence' in French?,influencer
What is the French word for 'to simplify'?,simplifier
How do you say 'to negotiate' in French?,négocier
What is the French word for 'to clarify'?,clarifier
What is the French word for 'to analyze'?,analyser
What is the French word for 'to suggest'?,suggérer
How do you say 'to discover' in French?,découvrir
What is the French word for 'to predict'?,prévoir
What is the French word for 'to evaluate'?,évaluer
How do you say 'to participate' in French?,participer
What is the French word for 'to announce'?,annoncer
What is the French word for 'to introduce'?,introduire
How do you say 'to present' in French?,présenter
How do you say 'to explain' in French?,expliquer
What is the French word for 'to demonstrate'?,démontrer
What is the French word for 'to analyze'?,analyser
What is the French word for 'to suggest'?,suggérer
How do you say 'to discover' in French?,découvrir
What is the French word for 'to predict'?,prévoir
What is the French word for 'to evaluate'?,évaluer
How do you say 'to participate' in French?,participer
What is the French word for 'to announce'?,annoncer
What is the French word for 'to introduce'?,introduire
How do you say 'to present' in French?,présenter
How do you say 'to explain' in French?,expliquer
What is the French word for 'to demonstrate'?,démontrer
What is the French word for 'to organize'?,organiser
How do you say 'to manage' in French?,gérer
What is the French word for 'to develop'?,développer
How do you say 'to collaborate' in French?,collaborer
What is the French word for 'to communicate'?,communiquer
How do you say 'to negotiate' in French?,négocier
What is the French word for 'to criticize'?,critiquer
What is the French word for 'to convince'?,convaincre
How do you say 'to influence' in French?,influencer
How do you say 'to support' in French?,soutenir
What is the French word for 'to clarify'?,clarifier
What is the French word for 'to justify'?,justifier
How do you say 'to promote' in French?,promouvoir
What is the French word for 'to defend'?,défendre
What is the French word for 'to express'?,exprimer
How do you say 'to summarize' in French?,résumer
What is the French word for 'to improve'?,améliorer
What is the French word for 'to simplify'?,simplifier
How do you say 'to complete' in French?,compléter
What is the French word for 'to follow'?,suivre
How do you say 'to react' in French?,réagir
What is the French word for 'to adapt'?,adapter
How do you say 'to overcome' in French?,surmonter
What is the French word for 'to integrate'?,intégrer
How do you say 'to resolve' in French?,résoudre
What is the French word for 'to evaluate'?,évaluer
How do you say 'to confirm' in French?,confirmer
What is the French word for 'to inform'?,informer
How do you say 'to transform' in French?,transformer
What is the French word for 'to replace'?,remplacer
What is the French word for 'to maintain'?,maintenir
How do you say 'to balance' in French?,équilibrer
What is the French word for 'to lead'?,diriger
How do you say 'to facilitate' in French?,faciliter
What is the French word for 'to guide'?,guider
How do you say 'to prioritize' in French?,prioriser
What is the French word for 'to compare'?,comparer
How do you say 'to analyze' in French?,analyser
What is the French word for 'to confirm'?,confirmer
How do you say 'to participate' in French?,participer
What is the French word for 'to support'?,soutenir
How do you say 'to create' in French?,créer
What is the French word for 'to solve'?,résoudre
What is the French word for 'to advise'?,conseiller
How do you say 'to negotiate' in French?,négocier
What is the French word for 'to appreciate'?,apprécier
How do you say 'to inspire' in French?,inspirer
What is the French word for 'to innovate'?,innover
How do you say 'to calculate' in French?,calculer
What is the French word for 'to distribute'?,distribuer
How do you say 'to monitor' in French?,surveiller
What is the French word for 'to prepare'?,préparer
How do you say 'to practice' in French?,pratiquer
What is the French word for 'to organize'?,organiser
How do you say 'to manage' in French?,gérer
What is the French word for 'to change'?,changer
How do you say 'to improve' in French?,améliorer
What is the French word for 'to suggest'?,suggérer
What is the French word for 'to follow'?,suivre
How do you say 'to lead' in French?,diriger
What is the French word for 'to train'?,former
How do you say 'to explain' in French?,expliquer
What is the French word for 'to perform'?,performer
How do you say 'to achieve' in French?,réaliser
What is the French word for 'to promote'?,promouvoir
What is the French word for 'to defend'?,défendre
How do you say 'to support' in French?,soutenir
What is the French word for 'to compare'?,comparer
How do you say 'to develop' in French?,développer
What is the French word for 'to manage'?,gérer
How do you say 'to create' in French?,créer
What is the French word for 'to analyze'?,analyser
How do you say 'to collaborate' in French?,collaborer
What is the French word for 'to evaluate'?,évaluer
How do you say 'to influence' in French?,influencer
What is the French word for 'to simplify'?,simplifier
How do you say 'to negotiate' in French?,négocier
What is the French word for 'to clarify'?,clarifier
What is the French word for 'to analyze'?,analyser
What is the French word for 'to suggest'?,suggérer
How do you say 'to discover' in French?,découvrir
What is the French word for 'to predict'?,prévoir
What is the French word for 'to evaluate'?,évaluer
How do you say 'to participate' in French?,participer
What is the French word for 'to announce'?,annoncer
What is the French word for 'to introduce'?,introduire
How do you say 'to present' in French?,présenter
How do you say 'to explain' in French?,expliquer
What is the French word for 'to demonstrate'?,démontrer
What is the French word for 'to analyze'?,analyser
What is the French word for 'to suggest'?,suggérer
How do you say 'to discover' in French?,découvrir
What is the French word for 'to predict'?,prévoir
What is the French word for 'to evaluate'?,évaluer
How do you say 'to participate' in French?,participer
What is the French word for 'to announce'?,annoncer
What is the French word for 'to introduce'?,introduire
How do you say 'to present' in French?,présenter
How do you say 'to explain' in French?,expliquer
What is the French word for 'to demonstrate'?,démontrer
What is the French word for 'to organize'?,organiser
How do you say 'to manage' in French?,gérer
What is the French word for 'to develop'?,développer
How do you say 'to collaborate' in French?,collaborer
What is the French word for 'to communicate'?,communiquer
How do you say 'to negotiate' in French?,négocier
What is the French word for 'to criticize'?,critiquer
What is the French word for 'to convince'?,convaincre
How do you say 'to influence' in French?,influencer
How do you say 'to support' in French?,soutenir
What is the French word for 'to clarify'?,clarifier
What is the French word for 'to justify'?,justifier
How do you say 'to promote' in French?,promouvoir
What is the French word for 'to defend'?,défendre
What is the French word for 'to express'?,exprimer
How do you say 'to summarize' in French?,résumer
What is the French word for 'to improve'?,améliorer
What is the French word for 'to simplify'?,simplifier
How do you say 'to complete' in French?,compléter
What is the French word for 'to follow'?,suivre
How do you say 'to react' in French?,réagir
What is the French word for 'to adapt'?,adapter
How do you say 'to overcome' in French?,surmonter
What is the French word for 'to integrate'?,intégrer
How do you say 'to resolve' in French?,résoudre
What is the French word for 'to evaluate'?,évaluer
How do you say 'to confirm' in French?,confirmer
What is the French word for 'to inform'?,informer
How do you say 'to transform' in French?,transformer
What is the French word for 'to replace'?,remplacer
What is the French word for 'to maintain'?,maintenir
How do you say 'to balance' in French?,équilibrer
What is the French word for 'to lead'?,diriger
How do you say 'to facilitate' in French?,faciliter
What is the French word for 'to guide'?,guider
How do you say 'to prioritize' in French?,prioriser
What is the French word for 'to compare'?,comparer
How do you say 'to analyze' in French?,analyser
What is the French word for 'to confirm'?,confirmer
How do you say 'to participate' in French?,participer
What is the French word for 'to support'?,soutenir
How do you say 'to create' in French?,créer
What is the French word for 'to solve'?,résoudre
What is the French word for 'to advise'?,conseiller
How do you say 'to negotiate' in French?,négocier
What is the French word for 'to appreciate'?,apprécier
How do you say 'to inspire' in French?,inspirer
What is the French word for 'to innovate'?,innover
How do you say 'to calculate' in French?,calculer
What is the French word for 'to distribute'?,distribuer
How do you say 'to monitor' in French?,surveiller
What is the French word for 'to prepare'?,préparer
How do you say 'to practice' in French?,pratiquer
What is the French word for 'to organize'?,organiser
How do you say 'to manage' in French?,gérer
What is the French word for 'to change'?,changer
How do you say 'to improve' in French?,améliorer
What is the French word for 'to suggest'?,suggérer
What is the French word for 'to follow'?,suivre
How do you say 'to lead' in French?,diriger
What is the French word for 'to train'?,former
How do you say 'to explain' in French?,expliquer
What is the French word for 'to perform'?,performer
How do you say 'to achieve' in French?,réaliser
What is the French word for 'to promote'?,promouvoir
What is the French word for 'to defend'?,défendre
How do you say 'to support' in French?,soutenir
What is the French word for 'to compare'?,comparer
How do you say 'to develop' in French?,développer
What is the French word for 'to manage'?,gérer
How do you say 'to create' in French?,créer
What is the French word for 'to analyze'?,analyser
How do you say 'to collaborate' in French?,collaborer
What is the French word for 'to evaluate'?,évaluer
How do you say 'to influence' in French?,influencer
What is the French word for 'to simplify'?,simplifier
How do you say 'to negotiate' in French?,négocier
What is the French word for 'to clarify'?,clarifier
What is the French word for 'to analyze'?,analyser
What is the French word for 'to suggest'?,suggérer
How do you say 'to discover' in French?,découvrir
What is the French word for 'to predict'?,prévoir
What is the French word for 'to evaluate'?,évaluer
How do you say 'to participate' in French?,participer
What is the French word for 'to announce'?,annoncer
What is the French word for 'to introduce'?,introduire
How do you say 'to present' in French?,présenter
How do you say 'to explain' in French?,expliquer
What is the French word for 'to demonstrate'?,démontrer
What is the French word for 'to analyze'?,analyser
What is the French word for 'to suggest'?,suggérer
How do you say 'to discover' in French?,découvrir
What is the French word for 'to predict'?,prévoir
What is the French word for 'to evaluate'?,évaluer
How do you say 'to participate' in French?,participer
What is the French word for 'to announce'?,annoncer
What is the French word for 'to introduce'?,introduire
How do you say 'to present' in French?,présenter
How do you say 'to explain' in French?,expliquer
What is the French word for 'to demonstrate'?,démontrer
What is the French word for 'to organize'?,organiser
How do you say 'to manage' in French?,gérer
What is the French word for 'to develop'?,développer
How do you say 'to collaborate' in French?,collaborer
What is the French word for 'to communicate'?,communiquer
How do you say 'to negotiate' in French?,négocier
What is the French word for 'to criticize'?,critiquer
What is the French word for 'to convince'?,convaincre
How do you say 'to influence' in French?,influencer
How do you say 'to support' in French?,soutenir
What is the French word for 'to clarify'?,clarifier
What is the French word for 'to justify'?,justifier
How do you say 'to promote' in French?,promouvoir
What is the French word for 'to defend'?,défendre
What is the French word for 'to express'?,exprimer
How do you say 'to summarize' in French?,résumer
What is the French word for 'to improve'?,améliorer
What is the French word for 'to simplify'?,simplifier
How do you say 'to complete' in French?,compléter
What is the French word for 'to follow'?,suivre
How do you say 'to react' in French?,réagir
What is the French word for 'to adapt'?,adapter
How do you say 'to overcome' in French?,surmonter
What is the French word for 'to integrate'?,intégrer
How do you say 'to resolve' in French?,résoudre
What is the French word for 'to evaluate'?,évaluer
How do you say 'to confirm' in French?,confirmer
What is the French word for 'to inform'?,informer
How do you say 'to transform' in French?,transformer
What is the French word for 'to replace'?,remplacer
What is the French word for 'to maintain'?,maintenir
How do you say 'to balance' in French?,équilibrer
What is the French word for 'to lead'?,diriger
How do you say 'to facilitate' in French?,faciliter
What is the French word for 'to guide'?,guider
How do you say 'to prioritize' in French?,prioriser
What is the French word for 'to compare'?,comparer
How do you say 'to analyze' in French?,analyser
What is the French word for 'to confirm'?,confirmer
How do you say 'to participate' in French?,participer
What is the French word for 'to support'?,soutenir
How do you say 'to create' in French?,créer
What is the French word for 'to solve'?,résoudre
What is the French word for 'to advise'?,conseiller
How do you say 'to negotiate' in French?,négocier
What is the French word for 'to appreciate'?,apprécier
How do you say 'to inspire' in French?,inspirer
What is the French word for 'to innovate'?,innover
How do you say 'to calculate' in French?,calculer
What is the French word for 'to distribute'?,distribuer
How do you say 'to monitor' in French?,surveiller
What is the French word for 'to prepare'?,préparer
How do you say 'to practice' in French?,pratiquer
What is the French word for 'to organize'?,organiser
How do you say 'to manage' in French?,gérer
What is the French word for 'to change'?,changer
How do you say 'to improve' in French?,améliorer
What is the French word for 'to suggest'?,suggérer
What is the French word for 'to follow'?,suivre
How do you say 'to lead' in French?,diriger
What is the French word for 'to train'?,former
How do you say 'to explain' in French?,expliquer
What is the French word for 'to perform'?,performer
How do you say 'to achieve' in French?,réaliser
What is the French word for 'to promote'?,promouvoir
What is the French word for 'to defend'?,défendre
How do you say 'to support' in French?,soutenir
What is the French word for 'to compare'?,comparer
How do you say 'to develop' in French?,développer
What is the French word for 'to manage'?,gérer
How do you say 'to create' in French?,créer
What is the French word for 'to analyze'?,analyser
How do you say 'to collaborate' in French?,collaborer
What is the French word for 'to evaluate'?,évaluer
How do you say 'to influence' in French?,influencer
What is the French word for 'to simplify'?,simplifier
How do you say 'to negotiate' in French?,négocier
What is the French word for 'to clarify'?,clarifier
What is the French word for 'to analyze'?,analyser
What is the French word for 'to suggest'?,suggérer
How do you say 'to discover' in French?,découvrir
What is the French word for 'to predict'?,prévoir
What is the French word for 'to evaluate'?,évaluer
How do you say 'to participate' in French?,participer
What is the French word for 'to announce'?,annoncer
What is the French word for 'to introduce'?,introduire
How do you say 'to present' in French?,présenter
How do you say 'to explain' in French?,expliquer
What is the French word for 'to demonstrate'?,démontrer
What is the French word for 'to analyze'?,analyser
What is the French word for 'to suggest'?,suggérer
How do you say 'to discover' in French?,découvrir
What is the French word for 'to predict'?,prévoir
What is the French word for 'to evaluate'?,évaluer
How do you say 'to participate' in French?,participer
What is the French word for 'to announce'?,annoncer
What is the French word for 'to introduce'?,introduire
How do you say 'to present' in French?,présenter
How do you say 'to explain' in French?,expliquer
What is the French word for 'to demonstrate'?,démontrer
What is the French word for 'to organize'?,organiser
How do you say 'to manage' in French?,gérer
What is the French word for 'to develop'?,développer
How do you say 'to collaborate' in French?,collaborer
What is the French word for 'to communicate'?,communiquer
How do you say 'to negotiate' in French?,négocier
What is the French word for 'to criticize'?,critiquer
What is the French word for 'to convince'?,convaincre
How do you say 'to influence' in French?,influencer
How do you say 'to support' in French?,soutenir
What is the French word for 'to clarify'?,clarifier
What is the French word for 'to justify'?,justifier
How do you say 'to promote' in French?,promouvoir
What is the French word for 'to defend'?,défendre
What is the French word for 'to express'?,exprimer
How do you say 'to summarize' in French?,résumer
What is the French word for 'to improve'?,améliorer
What is the French word for 'to simplify'?,simplifier
How do you say 'to complete' in French?,compléter
What is the French word for 'to follow'?,suivre
How do you say 'to react' in French?,réagir
What is the French word for 'to adapt'?,adapter
How do you say 'to overcome' in French?,surmonter
What is the French word for 'to integrate'?,intégrer
How do you say 'to resolve' in French?,résoudre
What is the French word for 'to evaluate'?,évaluer
How do you say 'to confirm' in French?,confirmer
What is the French word for 'to inform'?,informer
How do you say 'to transform' in French?,transformer
What is the French word for 'to replace'?,remplacer
What is the French word for 'to maintain'?,maintenir
How do you say 'to balance' in French?,équilibrer
What is the French word for 'to lead'?,diriger
How do you say 'to facilitate' in French?,faciliter
What is the French word for 'to guide'?,guider
How do you say 'to prioritize' in French?,prioriser
What is the French word for 'to compare'?,comparer
How do you say 'to analyze' in French?,analyser
What is the French word for 'to confirm'?,confirmer
How do you say 'to participate' in French?,participer
What is the French word for 'to support'?,soutenir
How do you say 'to create' in French?,créer
What is the French word for 'to solve'?,résoudre
What is the French word for 'to advise'?,conseiller
How do you say 'to negotiate' in French?,négocier
What is the French word for 'to appreciate'?,apprécier
How do you say 'to inspire' in French?,inspirer
What is the French word for 'to innovate'?,innover
How do you say 'to calculate' in French?,calculer
What is the French word for 'to distribute'?,distribuer
How do you say 'to monitor' in French?,surveiller
What is the French word for 'to prepare'?,préparer
How do you say 'to practice' in French?,pratiquer
What is the French word for 'to organize'?,organiser
How do you say 'to manage' in French?,gérer
What is the French word for 'to change'?,changer
How do you say 'to improve' in French?,améliorer
What is the French word for 'to suggest'?,suggérer
What is the French word for 'to follow'?,suivre
How do you say 'to lead' in French?,diriger
What is the French word for 'to train'?,former
How do you say 'to explain' in French?,expliquer
What is the French word for 'to perform'?,performer
How do you say 'to achieve' in French?,réaliser
What is the French word for 'to promote'?,promouvoir
What is the French word for 'to defend'?,défendre
How do you say 'to support' in French?,soutenir
What is the French word for 'to compare'?,comparer
How do you say 'to develop' in French?,développer
What is the French word for 'to manage'?,gérer
How do you say 'to create' in French?,créer
What is the French word for 'to analyze'?,analyser
How do you say 'to collaborate' in French?,collaborer
What is the French word for 'to evaluate'?,évaluer
How do you say 'to influence' in French?,influencer
What is the French word for 'to simplify'?,simplifier
How do you say 'to negotiate' in French?,négocier
What is the French word for 'to clarify'?,clarifier
What is the French word for 'to analyze'?,analyser
What is the French word for 'to suggest'?,suggérer
How do you say 'to discover' in French?,découvrir
What is the French word for 'to predict'?,prévoir
What is the French word for 'to evaluate'?,évaluer
How do you say 'to participate' in French?,participer
What is the French word for 'to announce'?,annoncer
What is the French word for 'to introduce'?,introduire
How do you say 'to present' in French?,présenter
How do you say 'to explain' in French?,expliquer
What is the French word for 'to demonstrate'?,démontrer
What is the French word for 'to analyze'?,analyser
What is the French word for 'to suggest'?,suggérer
How do you say 'to discover' in French?,découvrir
What is the French word for 'to predict'?,prévoir
What is the French word for 'to evaluate'?,évaluer
How do you say 'to participate' in French?,participer
What is the French word for 'to announce'?,annoncer
What is the French word for 'to introduce'?,introduire
How do you say 'to present' in French?,présenter
How do you say 'to explain' in French?,expliquer
What is the French word for 'to demonstrate'?,démontrer
What is the French word for 'to organize'?,organiser
How do you say 'to manage' in French?,gérer
What is the French word for 'to develop'?,développer
How do you say 'to collaborate' in French?,collaborer
What is the French word for 'to communicate'?,communiquer
How do you say 'to negotiate' in French?,négocier
What is the French word for 'to criticize'?,critiquer
What is the French word for 'to convince'?,convaincre
How do you say 'to influence' in French?,influencer
How do you say 'to support' in French?,soutenir
What is the French word for 'to clarify'?,clarifier
What is the French word for 'to justify'?,justifier
How do you say 'to promote' in French?,promouvoir
What is the French word for 'to defend'?,défendre
What is the French word for 'to express'?,exprimer
How do you say 'to summarize' in French?,résumer
What is the French word for 'to improve'?,améliorer
What is the French word for 'to simplify'?,simplifier
How do you say 'to complete' in French?,compléter
What is the French word for 'to follow'?,suivre
How do you say 'to react' in French?,réagir
What is the French word for 'to adapt'?,adapter
How do you say 'to overcome' in French?,surmonter
What is the French word for 'to integrate'?,intégrer
How do you say 'to resolve' in French?,résoudre
What is the French word for 'to evaluate'?,évaluer
How do you say 'to confirm' in French?,confirmer
What is the French word for 'to inform'?,informer
How do you say 'to transform' in French?,transformer
What is the French word for 'to replace'?,remplacer
What is the French word for 'to maintain'?,maintenir
How do you say 'to balance' in French?,équilibrer
What is the French word for 'to lead'?,diriger
How do you say 'to facilitate' in French?,faciliter
What is the French word for 'to guide'?,guider
How do you say 'to prioritize' in French?,prioriser
What is the French word for 'to compare'?,comparer
How do you say 'to analyze' in French?,analyser
What is the French word for 'to confirm'?,confirmer
How do you say 'to participate' in French?,participer
What is the French word for 'to support'?,soutenir
How do you say 'to create' in French?,créer
What is the French word for 'to solve'?,résoudre
What is the French word for 'to advise'?,conseiller
How do you say 'to negotiate' in French?,négocier
What is the French word for 'to appreciate'?,apprécier
How do you say 'to inspire' in French?,inspirer
What is the French word for 'to innovate'?,innover
How do you say 'to calculate' in French?,calculer
What is the French word for 'to distribute'?,distribuer
How do you say 'to monitor' in French?,surveiller
What is the French word for 'to prepare'?,préparer
How do you say 'to practice' in French?,pratiquer
What is the French word for 'to organize'?,organiser
How do you say 'to manage' in French?,gérer
What is the French word for 'to change'?,changer
How do you say 'to improve' in French?,améliorer
What is the French word for 'to suggest'?,suggérer
What is the French word for 'to follow'?,suivre
How do you say 'to lead' in French?,diriger
What is the French word for 'to train'?,former
How do you say 'to explain' in French?,expliquer
What is the French word for 'to perform'?,performer
How do you say 'to achieve' in French?,réaliser
What is the French word for 'to promote'?,promouvoir
What is the French word for 'to defend'?,défendre
How do you say 'to support' in French?,soutenir
What is the French word for 'to compare'?,comparer
How do you say 'to develop' in French?,développer
What is the French word for 'to manage'?,gérer
How do you say 'to create' in French?,créer
What is the French word for 'to analyze'?,analyser
How do you say 'to collaborate' in French?,collaborer
What is the French word for 'to evaluate'?,évaluer
How do you say 'to influence' in French?,influencer
What is the French word for 'to simplify'?,simplifier
How do you say 'to negotiate' in French?,négocier
What is the French word for 'to clarify'?,clarifier
What is the French word for 'to analyze'?,analyser
What is the French word for 'to suggest'?,suggérer
How do you say 'to discover' in French?,découvrir
What is the French word for 'to predict'?,prévoir
What is the French word for 'to evaluate'?,évaluer
How do you say 'to participate' in French?,participer
What is the French word for 'to announce'?,annoncer
What is the French word for 'to introduce'?,introduire
How do you say 'to present' in French?,présenter
How do you say 'to explain' in French?,expliquer
What is the French word for 'to demonstrate'?,démontrer
What is the French word for 'to analyze'?,analyser
What is the French word for 'to suggest'?,suggérer
How do you say 'to discover' in French?,découvrir
What is the French word for 'to predict'?,prévoir
What is the French word for 'to evaluate'?,évaluer
How do you say 'to participate' in French?,participer
What is the French word for 'to announce'?,annoncer
What is the French word for 'to introduce'?,introduire
How do you say 'to present' in French?,présenter
How do you say 'to explain' in French?,expliquer
What is the French word for 'to demonstrate'?,démontrer
What is the French word for 'to organize'?,organiser
How do you say 'to manage' in French?,gérer
What is the French word for 'to develop'?,développer
How do you say 'to collaborate' in French?,collaborer
What is the French word for 'to communicate'?,communiquer
How do you say 'to negotiate' in French?,négocier
What is the French word for 'to criticize'?,critiquer
What is the French word for 'to convince'?,convaincre
How do you say 'to influence' in French?,influencer
How do you say 'to support' in French?,soutenir
What is the French word for 'to clarify'?,clarifier
