How do you say 'to solve a problem' in French?,résoudre un problème
What is the French word for 'responsibility'?,responsabilité
How do you say 'strategy' in French?,stratégie
What is the French word for 'efficiency'?,efficacité
How do you say 'goal' in French?,objectif
What is the French word for 'to evaluate'?,évaluer
How do you say 'challenge' in French?,défi
What is the French word for 'leadership'?,leadership
How do you say 'globalization' in French?,mondialisation
What is the French word for 'to negotiate'?,négocier
How do you say 'to communicate' in French?,communiquer
What is the French word for 'to develop'?,développer
How do you say 'to innovate' in French?,innover
What is the French word for 'research'?,recherche
How do you say 'to recommend' in French?,recommander
What is the French word for 'to collaborate'?,collaborer
How do you say 'sustainable development' in French?,développement durable
What is the French word for 'to invest'?,investir
How do you say 'to adapt' in French?,s'adapter
What is the French word for 'to expand'?,élargir
How do you say 'to support' in French?,soutenir
What is the French word for 'to plan'?,planifier
How do you say 'to improve' in French?,améliorer
What is the French word for 'to implement'?,mettre en œuvre
How do you say 'effort' in French?,effort
What is the French word for 'success'?,succès
How do you say 'failure' in French?,échec
What is the French word for 'to solve'?,résoudre
How do you say 'environment' in French?,environnement
What is the French word for 'to analyze'?,analyser
How do you say 'to assess' in French?,évaluer
What is the French word for 'to monitor'?,surveiller
How do you say 'to regulate' in French?,réguler
What is the French word for 'to integrate'?,intégrer
How do you say 'to clarify' in French?,clarifier
What is the French word for 'to reflect'?,réfléchir
How do you say 'economic growth' in French?,croissance économique
What is the French word for 'to facilitate'?,faciliter
How do you say 'to ensure' in French?,assurer
What is the French word for 'to provide'?,fournir
How do you say 'to contribute' in French?,contribuer
What is the French word for 'to explain'?,expliquer
How do you say 'to participate' in French?,participer
What is the French word for 'to encourage'?,encourager
How do you say 'to research' in French?,rechercher
What is the French word for 'to debate'?,débattre
How do you say 'to explore' in French?,explorer
What is the French word for 'to propose'?,proposer
How do you say 'to discuss' in French?,discuter
What is the French word for 'to evaluate'?,évaluer
How do you say 'to implement' in French?,mettre en œuvre
What is the French word for 'to improve oneself'?,s'améliorer
How do you say 'leadership' in French?,leadership
What is the French word for 'to negotiate'?,négocier
How do you say 'to innovate' in French?,innover
What is the French word for 'strategy'?,stratégie
How do you say 'to succeed' in French?,réussir
What is the French word for 'to advise'?,conseiller
How do you say 'responsibility' in French?,responsabilité
What is the French word for 'to support'?,soutenir
How do you say 'to clarify' in French?,clarifier
What is the French word for 'to regulate'?,réguler
How do you say 'to collaborate' in French?,collaborer
What is the French word for 'to transform'?,transformer
How do you say 'to solve a problem' in French?,résoudre un problème
What is the French word for 'efficiency'?,efficacité
How do you say 'to propose' in French?,proposer
What is the French word for 'to explore'?,explorer
How do you say 'to recommend' in French?,recommander
What is the French word for 'globalization'?,mondialisation
How do you say 'to reflect' in French?,réfléchir
What is the French word for 'to participate'?,participer
How do you say 'to provide' in French?,fournir
What is the French word for 'to research'?,rechercher
How do you say 'economic' in French?,économique
What is the French word for 'sustainable development'?,développement durable
How do you say 'to adapt' in French?,s'adapter
What is the French word for 'to contribute'?,contribuer
How do you say 'to facilitate' in French?,faciliter
What is the French word for 'to succeed'?,réussir
How do you say 'to encourage' in French?,encourager
What is the French word for 'to expand'?,élargir
How do you say 'to debate' in French?,débattre
What is the French word for 'to plan'?,planifier
How do you say 'failure' in French?,échec
What is the French word for 'to monitor'?,surveiller
How do you say 'to implement' in French?,mettre en œuvre
What is the French word for 'to analyze'?,analyser
How do you say 'to negotiate' in French?,négocier
What is the French word for 'to reflect'?,réfléchir
How do you say 'to regulate' in French?,réguler
What is the French word for 'to provide'?,fournir
How do you say 'to explore' in French?,explorer
What is the French word for 'to innovate'?,innover
How do you say 'to clarify' in French?,clarifier
What is the French word for 'to participate'?,participer
How do you say 'to integrate' in French?,intégrer
What is the French word for 'to succeed'?,réussir
How do you say 'to solve a problem' in French?,résoudre un problème
What is the French word for 'responsibility'?,responsabilité
How do you say 'strategy' in French?,stratégie
What is the French word for 'efficiency'?,efficacité
How do you say 'goal' in French?,objectif
What is the French word for 'to evaluate'?,évaluer
How do you say 'challenge' in French?,défi
What is the French word for 'leadership'?,leadership
How do you say 'globalization' in French?,mondialisation
What is the French word for 'to negotiate'?,négocier
How do you say 'to communicate' in French?,communiquer
What is the French word for 'to develop'?,développer
How do you say 'to innovate' in French?,innover
What is the French word for 'research'?,recherche
How do you say 'to recommend' in French?,recommander
What is the French word for 'to collaborate'?,collaborer
How do you say 'sustainable development' in French?,développement durable
What is the French word for 'to invest'?,investir
How do you say 'to adapt' in French?,s'adapter
What is the French word for 'to expand'?,élargir
How do you say 'to support' in French?,soutenir
What is the French word for 'to plan'?,planifier
How do you say 'to improve' in French?,améliorer
What is the French word for 'to implement'?,mettre en œuvre
How do you say 'effort' in French?,effort
What is the French word for 'success'?,succès
How do you say 'failure' in French?,échec
What is the French word for 'to solve'?,résoudre
How do you say 'environment' in French?,environnement
What is the French word for 'to analyze'?,analyser
How do you say 'to assess' in French?,évaluer
What is the French word for 'to monitor'?,surveiller
How do you say 'to regulate' in French?,réguler
What is the French word for 'to integrate'?,intégrer
How do you say 'to clarify' in French?,clarifier
What is the French word for 'to reflect'?,réfléchir
How do you say 'economic growth' in French?,croissance économique
What is the French word for 'to facilitate'?,faciliter
How do you say 'to ensure' in French?,assurer
What is the French word for 'to provide'?,fournir
How do you say 'to contribute' in French?,contribuer
What is the French word for 'to explain'?,expliquer
How do you say 'to participate' in French?,participer
What is the French word for 'to encourage'?,encourager
How do you say 'to research' in French?,rechercher
What is the French word for 'to debate'?,débattre
How do you say 'to explore' in French?,explorer
What is the French word for 'to propose'?,proposer
How do you say 'to discuss' in French?,discuter
What is the French word for 'to evaluate'?,évaluer
How do you say 'to implement' in French?,mettre en œuvre
What is the French word for 'to improve oneself'?,s'améliorer
How do you say 'leadership' in French?,leadership
What is the French word for 'to negotiate'?,négocier
How do you say 'to innovate' in French?,innover
What is the French word for 'strategy'?,stratégie
How do you say 'to succeed' in French?,réussir
What is the French word for 'to advise'?,conseiller
How do you say 'responsibility' in French?,responsabilité
What is the French word for 'to support'?,soutenir
How do you say 'to clarify' in French?,clarifier
What is the French word for 'to regulate'?,réguler
How do you say 'to collaborate' in French?,collaborer
What is the French word for 'to transform'?,transformer
How do you say 'to solve a problem' in French?,résoudre un problème
What is the French word for 'efficiency'?,efficacité
How do you say 'to propose' in French?,proposer
What is the French word for 'to explore'?,explorer
How do you say 'to recommend' in French?,recommander
What is the French word for 'globalization'?,mondialisation
How do you say 'to reflect' in French?,réfléchir
What is the French word for 'to participate'?,participer
How do you say 'to provide' in French?,fournir
What is the French word for 'to research'?,rechercher
How do you say 'economic' in French?,économique
What is the French word for 'sustainable development'?,développement durable
How do you say 'to adapt' in French?,s'adapter
What is the French word for 'to contribute'?,contribuer
How do you say 'to facilitate' in French?,faciliter
What is the French word for 'to succeed'?,réussir
How do you say 'to encourage' in French?,encourager
What is the French word for 'to expand'?,élargir
How do you say 'to debate' in French?,débattre
What is the French word for 'to plan'?,planifier
How do you say 'failure' in French?,échec
What is the French word for 'to monitor'?,surveiller
How do you say 'to implement' in French?,mettre en œuvre
What is the French word for 'to analyze'?,analyser
How do you say 'to negotiate' in French?,négocier
What is the French word for 'to reflect'?,réfléchir
How do you say 'to regulate' in French?,réguler
What is the French word for 'to provide'?,fournir
How do you say 'to explore' in French?,explorer
What is the French word for 'to innovate'?,innover
How do you say 'to clarify' in French?,clarifier
What is the French word for 'to participate'?,participer
How do you say 'to integrate' in French?,intégrer
What is the French word for 'to succeed'?,réussir
How do you say 'to solve a problem' in French?,résoudre un problème
What is the French word for 'responsibility'?,responsabilité
How do you say 'strategy' in French?,stratégie
What is the French word for 'efficiency'?,efficacité
How do you say 'goal' in French?,objectif
What is the French word for 'to evaluate'?,évaluer
How do you say 'challenge' in French?,défi
What is the French word for 'leadership'?,leadership
How do you say 'globalization' in French?,mondialisation
What is the French word for 'to negotiate'?,négocier
How do you say 'to communicate' in French?,communiquer
What is the French word for 'to develop'?,développer
How do you say 'to innovate' in French?,innover
What is the French word for 'research'?,recherche
How do you say 'to recommend' in French?,recommander
What is the French word for 'to collaborate'?,collaborer
How do you say 'sustainable development' in French?,développement durable
What is the French word for 'to invest'?,investir
How do you say 'to adapt' in French?,s'adapter
What is the French word for 'to expand'?,élargir
How do you say 'to support' in French?,soutenir
What is the French word for 'to plan'?,planifier
How do you say 'to improve' in French?,améliorer
What is the French word for 'to implement'?,mettre en œuvre
How do you say 'effort' in French?,effort
What is the French word for 'success'?,succès
How do you say 'failure' in French?,échec
What is the French word for 'to solve'?,résoudre
How do you say 'environment' in French?,environnement
What is the French word for 'to analyze'?,analyser
How do you say 'to assess' in French?,évaluer
What is the French word for 'to monitor'?,surveiller
How do you say 'to regulate' in French?,réguler
What is the French word for 'to integrate'?,intégrer
How do you say 'to clarify' in French?,clarifier
What is the French word for 'to reflect'?,réfléchir
How do you say 'economic growth' in French?,croissance économique
What is the French word for 'to facilitate'?,faciliter
How do you say 'to ensure' in French?,assurer
What is the French word for 'to provide'?,fournir
How do you say 'to contribute' in French?,contribuer
What is the French word for 'to explain'?,expliquer
How do you say 'to participate' in French?,participer
What is the French word for 'to encourage'?,encourager
How do you say 'to research' in French?,rechercher
What is the French word for 'to debate'?,débattre
How do you say 'to explore' in French?,explorer
What is the French word for 'to propose'?,proposer
How do you say 'to discuss' in French?,discuter
What is the French word for 'to evaluate'?,évaluer
How do you say 'to implement' in French?,mettre en œuvre
What is the French word for 'to improve oneself'?,s'améliorer
How do you say 'leadership' in French?,leadership
What is the French word for 'to negotiate'?,négocier
How do you say 'to innovate' in French?,innover
What is the French word for 'strategy'?,stratégie
How do you say 'to succeed' in French?,réussir
What is the French word for 'to advise'?,conseiller
How do you say 'responsibility' in French?,responsabilité
What is the French word for 'to support'?,soutenir
How do you say 'to clarify' in French?,clarifier
What is the French word for 'to regulate'?,réguler
How do you say 'to collaborate' in French?,collaborer
What is the French word for 'to transform'?,transformer
How do you say 'to solve a problem' in French?,résoudre un problème
What is the French word for 'efficiency'?,efficacité
How do you say 'to propose' in French?,proposer
What is the French word for 'to explore'?,explorer
How do you say 'to recommend' in French?,recommander
What is the French word for 'globalization'?,mondialisation
How do you say 'to reflect' in French?,réfléchir
What is the French word for 'to participate'?,participer
How do you say 'to provide' in French?,fournir
What is the French word for 'to research'?,rechercher
How do you say 'economic' in French?,économique
What is the French word for 'sustainable development'?,développement durable
How do you say 'to adapt' in French?,s'adapter
What is the French word for 'to contribute'?,contribuer
How do you say 'to facilitate' in French?,faciliter
What is the French word for 'to succeed'?,réussir
How do you say 'to encourage' in French?,encourager
What is the French word for 'to expand'?,élargir
How do you say 'to debate' in French?,débattre
What is the French word for 'to plan'?,planifier
How do you say 'failure' in French?,échec
What is the French word for 'to monitor'?,surveiller
How do you say 'to implement' in French?,mettre en œuvre
What is the French word for 'to analyze'?,analyser
How do you say 'to negotiate' in French?,négocier
What is the French word for 'to reflect'?,réfléchir
How do you say 'to regulate' in French?,réguler
What is the French word for 'to provide'?,fournir
How do you say 'to explore' in French?,explorer
What is the French word for 'to innovate'?,innover
How do you say 'to clarify' in French?,clarifier
What is the French word for 'to participate'?,participer
How do you say 'to integrate' in French?,intégrer
What is the French word for 'to succeed'?,réussir
How do you say 'to solve a problem' in French?,résoudre un problème
What is the French word for 'responsibility'?,responsabilité
How do you say 'to solve a problem' in French?,résoudre un problème
What is the French word for 'responsibility'?,responsabilité
How do you say 'strategy' in French?,stratégie
What is the French word for 'efficiency'?,efficacité
How do you say 'goal' in French?,objectif
What is the French word for 'to evaluate'?,évaluer
How do you say 'challenge' in French?,défi
What is the French word for 'leadership'?,leadership
How do you say 'globalization' in French?,mondialisation
What is the French word for 'to negotiate'?,négocier
How do you say 'to communicate' in French?,communiquer
What is the French word for 'to develop'?,développer
How do you say 'to innovate' in French?,innover
What is the French word for 'research'?,recherche
How do you say 'to recommend' in French?,recommander
What is the French word for 'to collaborate'?,collaborer
How do you say 'sustainable development' in French?,développement durable
What is the French word for 'to invest'?,investir
How do you say 'to adapt' in French?,s'adapter
What is the French word for 'to expand'?,élargir
How do you say 'to support' in French?,soutenir
What is the French word for 'to plan'?,planifier
How do you say 'to improve' in French?,améliorer
What is the French word for 'to implement'?,mettre en œuvre
How do you say 'effort' in French?,effort
What is the French word for 'success'?,succès
How do you say 'failure' in French?,échec
What is the French word for 'to solve'?,résoudre
How do you say 'environment' in French?,environnement
What is the French word for 'to analyze'?,analyser
How do you say 'to assess' in French?,évaluer
What is the French word for 'to monitor'?,surveiller
How do you say 'to regulate' in French?,réguler
What is the French word for 'to integrate'?,intégrer
How do you say 'to clarify' in French?,clarifier
What is the French word for 'to reflect'?,réfléchir
How do you say 'economic growth' in French?,croissance économique
What is the French word for 'to facilitate'?,faciliter
How do you say 'to ensure' in French?,assurer
What is the French word for 'to provide'?,fournir
How do you say 'to contribute' in French?,contribuer
What is the French word for 'to explain'?,expliquer
How do you say 'to participate' in French?,participer
What is the French word for 'to encourage'?,encourager
How do you say 'to research' in French?,rechercher
What is the French word for 'to debate'?,débattre
How do you say 'to explore' in French?,explorer
What is the French word for 'to propose'?,proposer
How do you say 'to discuss' in French?,discuter
What is the French word for 'to evaluate'?,évaluer
How do you say 'to implement' in French?,mettre en œuvre
What is the French word for 'to improve oneself'?,s'améliorer
How do you say 'leadership' in French?,leadership
What is the French word for 'to negotiate'?,négocier
How do you say 'to innovate' in French?,innover
What is the French word for 'strategy'?,stratégie
How do you say 'to succeed' in French?,réussir
What is the French word for 'to advise'?,conseiller
How do you say 'responsibility' in French?,responsabilité
What is the French word for 'to support'?,soutenir
How do you say 'to clarify' in French?,clarifier
What is the French word for 'to regulate'?,réguler
How do you say 'to collaborate' in French?,collaborer
What is the French word for 'to transform'?,transformer
How do you say 'to solve a problem' in French?,résoudre un problème
What is the French word for 'efficiency'?,efficacité
How do you say 'to propose' in French?,proposer
What is the French word for 'to explore'?,explorer
How do you say 'to recommend' in French?,recommander
What is the French word for 'globalization'?,mondialisation
How do you say 'to reflect' in French?,réfléchir
What is the French word for 'to participate'?,participer
How do you say 'to provide' in French?,fournir
What is the French word for 'to research'?,rechercher
How do you say 'economic' in French?,économique
What is the French word for 'sustainable development'?,développement durable
How do you say 'to adapt' in French?,s'adapter
What is the French word for 'to contribute'?,contribuer
How do you say 'to facilitate' in French?,faciliter
What is the French word for 'to succeed'?,réussir
How do you say 'to encourage' in French?,encourager
What is the French word for 'to expand'?,élargir
How do you say 'to debate' in French?,débattre
What is the French word for 'to plan'?,planifier
How do you say 'failure' in French?,échec
What is the French word for 'to monitor'?,surveiller
How do you say 'to implement' in French?,mettre en œuvre
What is the French word for 'to analyze'?,analyser
How do you say 'to negotiate' in French?,négocier
What is the French word for 'to reflect'?,réfléchir
How do you say 'to regulate' in French?,réguler
What is the French word for 'to provide'?,fournir
How do you say 'to explore' in French?,explorer
What is the French word for 'to innovate'?,innover
How do you say 'to clarify' in French?,clarifier
What is the French word for 'to participate'?,participer
How do you say 'to integrate' in French?,intégrer
What is the French word for 'to succeed'?,réussir
How do you say 'to solve a problem' in French?,résoudre un problème
What is the French word for 'responsibility'?,responsabilité
How do you say 'to solve a problem' in French?,résoudre un problème
What is the French word for 'responsibility'?,responsabilité
How do you say 'strategy' in French?,stratégie
What is the French word for 'efficiency'?,efficacité
How do you say 'goal' in French?,objectif
What is the French word for 'to evaluate'?,évaluer
How do you say 'challenge' in French?,défi
What is the French word for 'leadership'?,leadership
How do you say 'globalization' in French?,mondialisation
What is the French word for 'to negotiate'?,négocier
How do you say 'to communicate' in French?,communiquer
What is the French word for 'to develop'?,développer
How do you say 'to innovate' in French?,innover
What is the French word for 'research'?,recherche
How do you say 'to recommend' in French?,recommander
What is the French word for 'to collaborate'?,collaborer
How do you say 'sustainable development' in French?,développement durable
What is the French word for 'to invest'?,investir
How do you say 'to adapt' in French?,s'adapter
What is the French word for 'to expand'?,élargir
How do you say 'to support' in French?,soutenir
What is the French word for 'to plan'?,planifier
How do you say 'to improve' in French?,améliorer
What is the French word for 'to implement'?,mettre en œuvre
How do you say 'effort' in French?,effort
What is the French word for 'success'?,succès
How do you say 'failure' in French?,échec
What is the French word for 'to solve'?,résoudre
How do you say 'environment' in French?,environnement
What is the French word for 'to analyze'?,analyser
How do you say 'to assess' in French?,évaluer
What is the French word for 'to monitor'?,surveiller
How do you say 'to regulate' in French?,réguler
What is the French word for 'to integrate'?,intégrer
How do you say 'to clarify' in French?,clarifier
What is the French word for 'to reflect'?,réfléchir
How do you say 'economic growth' in French?,croissance économique
What is the French word for 'to facilitate'?,faciliter
How do you say 'to ensure' in French?,assurer
What is the French word for 'to provide'?,fournir
How do you say 'to contribute' in French?,contribuer
What is the French word for 'to explain'?,expliquer
How do you say 'to participate' in French?,participer
What is the French word for 'to encourage'?,encourager
How do you say 'to research' in French?,rechercher
What is the French word for 'to debate'?,débattre
How do you say 'to explore' in French?,explorer
What is the French word for 'to propose'?,proposer
How do you say 'to discuss' in French?,discuter
What is the French word for 'to evaluate'?,évaluer
How do you say 'to implement' in French?,mettre en œuvre
What is the French word for 'to improve oneself'?,s'améliorer
How do you say 'leadership' in French?,leadership
What is the French word for 'to negotiate'?,négocier
How do you say 'to innovate' in French?,innover
What is the French word for 'strategy'?,stratégie
How do you say 'to succeed' in French?,réussir
What is the French word for 'to advise'?,conseiller
How do you say 'responsibility' in French?,responsabilité
What is the French word for 'to support'?,soutenir
How do you say 'to clarify' in French?,clarifier
What is the French word for 'to regulate'?,réguler
How do you say 'to collaborate' in French?,collaborer
What is the French word for 'to transform'?,transformer
How do you say 'to solve a problem' in French?,résoudre un problème
What is the French word for 'efficiency'?,efficacité
How do you say 'to propose' in French?,proposer
What is the French word for 'to explore'?,explorer
How do you say 'to recommend' in French?,recommander
What is the French word for 'globalization'?,mondialisation
How do you say 'to reflect' in French?,réfléchir
What is the French word for 'to participate'?,participer
How do you say 'to provide' in French?,fournir
What is the French word for 'to research'?,rechercher
How do you say 'economic' in French?,économique
What is the French word for 'sustainable development'?,développement durable
How do you say 'to adapt' in French?,s'adapter
What is the French word for 'to contribute'?,contribuer
How do you say 'to facilitate' in French?,faciliter
What is the French word for 'to succeed'?,réussir
How do you say 'to encourage' in French?,encourager
What is the French word for 'to expand'?,élargir
How do you say 'to debate' in French?,débattre
What is the French word for 'to plan'?,planifier
How do you say 'failure' in French?,échec
What is the French word for 'to monitor'?,surveiller
How do you say 'to implement' in French?,mettre en œuvre
What is the French word for 'to analyze'?,analyser
How do you say 'to negotiate' in French?,négocier
What is the French word for 'to reflect'?,réfléchir
How do you say 'to regulate' in French?,réguler
What is the French word for 'to provide'?,fournir
How do you say 'to explore' in French?,explorer
What is the French word for 'to innovate'?,innover
How do you say 'to clarify' in French?,clarifier
What is the French word for 'to participate'?,participer
How do you say 'to integrate' in French?,intégrer
What is the French word for 'to succeed'?,réussir
How do you say 'to solve a problem' in French?,résoudre un problème
What is the French word for 'responsibility'?,responsabilité
How do you say 'to solve a problem' in French?,résoudre un problème
What is the French word for 'responsibility'?,responsabilité
How do you say 'strategy' in French?,stratégie
What is the French word for 'efficiency'?,efficacité
